layer,unit,description,similarity
heads,0,carp,0.565155
heads,1,fishes,0.5063782
heads,2,shark,0.657959
heads,3,shark,0.6886902
heads,4,shark,0.6959839
heads,5,ray,0.526947
heads,6,ray,0.5879822
heads,7,hen,0.65982056
heads,8,hen,0.6527405
heads,9,emu,0.84820557
heads,10,sparrow,0.6104126
heads,11,finch,0.60336304
heads,12,sparrow,0.6405029
heads,13,sparrow,0.63098145
heads,14,birding,0.5022888
heads,15,robin,0.6130676
heads,16,bird,0.52575684
heads,17,jay,0.52041626
heads,18,birding,0.4703369
heads,19,bird,0.50283813
heads,20,juvenile,0.43795776
heads,21,hawk,0.6888733
heads,22,eagle,0.7086487
heads,23,crow,0.40551758
heads,24,owl,0.6458435
heads,25,specimen,0.5159607
heads,26,juvenile,0.50057983
heads,27,lizard,0.45272827
heads,28,specimen,0.46136475
heads,29,aquarium,0.34088135
heads,30,frog,0.65219116
heads,31,frog,0.61209106
heads,32,frog,0.603302
heads,33,turtle,0.63009644
heads,34,turtle,0.5343933
heads,35,turtle,0.7154236
heads,36,turtle,0.68081665
heads,37,turtle,0.6869812
heads,38,lizard,0.5310974
heads,39,reptiles,0.57977295
heads,40,lizard,0.66726685
heads,41,lizard,0.71698
heads,42,lizard,0.6633301
heads,43,lizard,0.5706787
heads,44,lizard,0.64697266
heads,45,reptiles,0.52023315
heads,46,lizard,0.71240234
heads,47,lizard,0.50268555
heads,48,reptiles,0.54870605
heads,49,crocodile,0.726593
heads,50,crocodile,0.7065735
heads,51,dinosaur,0.45855713
heads,52,snake,0.5145874
heads,53,snake,0.5831909
heads,54,python,0.52853394
heads,55,python,0.57940674
heads,56,snake,0.5760193
heads,57,snake,0.5734558
heads,58,snake,0.4827881
heads,59,reptiles,0.46331787
heads,60,snake,0.5543823
heads,61,python,0.618927
heads,62,python,0.62957764
heads,63,cobra,0.58114624
heads,64,snake,0.54452515
heads,65,snake,0.42803955
heads,66,head,0.4915161
heads,67,python,0.578125
heads,68,juvenile,0.5168762
heads,69,fossil,0.8093872
heads,70,spider,0.5496521
heads,71,scorpio,0.48651123
heads,72,web,0.7546387
heads,73,spider,0.6650696
heads,74,spider,0.77731323
heads,75,spider,0.6215515
heads,76,spider,0.5486145
heads,77,spider,0.648407
heads,78,lyme,0.6326904
heads,79,larvae,0.5710144
heads,80,peck,0.42749023
heads,81,gull,0.44140625
heads,82,juvenile,0.57736206
heads,83,birding,0.41690063
heads,84,peacock,0.7207031
heads,85,juvenile,0.46899414
heads,86,peck,0.49993896
heads,87,parrot,0.5815735
heads,88,parrot,0.65356445
heads,89,parrot,0.50668335
heads,90,parrot,0.6311035
heads,91,bird,0.49975586
heads,92,hummer,0.50253296
heads,93,bird,0.43182373
heads,94,hummer,0.61309814
heads,95,hummer,0.52786255
heads,96,parrot,0.47827148
heads,97,ducks,0.62353516
heads,98,ducks,0.48550415
heads,99,goose,0.58569336
heads,100,swan,0.56481934
heads,101,elephant,0.78344727
heads,102,habit,0.4508667
heads,103,otter,0.5404358
heads,104,kangaroo,0.6737366
heads,105,kangaroo,0.40933228
heads,106,mole,0.34887695
heads,107,aquarium,0.42712402
heads,108,coral,0.45083618
heads,109,coral,0.5769348
heads,110,slug,0.52526855
heads,111,arabidopsis,0.5282898
heads,112,shell,0.5952759
heads,113,slug,0.51153564
heads,114,slug,0.94662476
heads,115,slug,0.4375
heads,116,larvae,0.48544312
heads,117,shell,0.54525757
heads,118,crab,0.70147705
heads,119,crab,0.776886
heads,120,crab,0.7871704
heads,121,crab,0.7189331
heads,122,lobster,0.723114
heads,123,lobster,0.72439575
heads,124,lobster,0.62557983
heads,125,crab,0.60617065
heads,126,larvae,0.46792603
heads,127,ibis,0.74887085
heads,128,ibis,0.6392822
heads,129,ibis,0.6437988
heads,130,flamingo,0.8434448
heads,131,crane,0.5595093
heads,132,crane,0.5158081
heads,133,birding,0.46896362
heads,134,crane,0.6359863
heads,135,ibis,0.51434326
heads,136,ibis,0.48703003
heads,137,ducks,0.4833374
heads,138,crane,0.47088623
heads,139,juvenile,0.5210571
heads,140,juvenile,0.56570435
heads,141,juvenile,0.4935608
heads,142,juvenile,0.48526
heads,143,gentoo,0.5213318
heads,144,pelican,0.845459
heads,145,penguins,0.6957092
heads,146,gull,0.51379395
heads,147,whales,0.7020569
heads,148,whales,0.55667114
heads,149,underwater,0.48025513
heads,150,seals,0.64276123
heads,151,basename,0.3998413
heads,152,puppy,0.3670044
heads,153,maltese,0.6532898
heads,154,puppy,0.36013794
heads,155,maltese,0.47262573
heads,156,cavalier,0.4251709
heads,157,puppy,0.34173584
heads,158,basename,0.5475464
heads,159,bloodhound,0.558197
heads,160,bloodhound,0.34597778
heads,161,bloodhound,0.5142212
heads,162,hound,0.4347229
heads,163,bloodhound,0.6594238
heads,164,hound,0.40356445
heads,165,bloodhound,0.5180054
heads,166,hound,0.4942932
heads,167,hound,0.5359497
heads,168,bloodhound,0.4866333
heads,169,greyhound,0.4032898
heads,170,terrier,0.4293518
heads,171,greyhound,0.49716187
heads,172,greyhound,0.6525574
heads,173,basename,0.6764221
heads,174,husky,0.35290527
heads,175,terrier,0.43414307
heads,176,greyhound,0.5046997
heads,177,greyhound,0.4149475
heads,178,labrador,0.39938354
heads,179,pitbull,0.431427
heads,180,pitbull,0.45687866
heads,181,terrier,0.35281372
heads,182,terrier,0.59381104
heads,183,terrier,0.36520386
heads,184,terrier,0.5345154
heads,185,terrier,0.61764526
heads,186,terrier,0.6378784
heads,187,terrier,0.47753906
heads,188,terrier,0.46917725
heads,189,terrier,0.5888672
heads,190,terrier,0.50827026
heads,191,terrier,0.47470093
heads,192,terrier,0.6419983
heads,193,terrier,0.57821655
heads,194,terrier,0.46548462
heads,195,basename,0.37417603
heads,196,terrier,0.5439453
heads,197,terrier,0.3987732
heads,198,terrier,0.5307312
heads,199,terrier,0.5198059
heads,200,terrier,0.44839478
heads,201,terrier,0.48239136
heads,202,terrier,0.401062
heads,203,terrier,0.57424927
heads,204,maltese,0.507843
heads,205,retriever,0.50390625
heads,206,retrieving,0.45440674
heads,207,retriever,0.60043335
heads,208,labrador,0.5899048
heads,209,labrador,0.480011
heads,210,pointer,0.38095093
heads,211,bloodhound,0.438385
heads,212,retriever,0.35995483
heads,213,bloodhound,0.42718506
heads,214,bloodhound,0.42669678
heads,215,retrieving,0.3241272
heads,216,retriever,0.38497925
heads,217,oakley,0.37472534
heads,218,oakley,0.35131836
heads,219,retriever,0.33709717
heads,220,bloodhound,0.31869507
heads,221,dog,0.31240845
heads,222,retriever,0.40338135
heads,223,puppy,0.2911682
heads,224,shepherd,0.33914185
heads,225,dog,0.34561157
heads,226,terrier,0.42034912
heads,227,basename,0.4310913
heads,228,terrier,0.33499146
heads,229,terrier,0.36312866
heads,230,dog,0.33102417
heads,231,dog,0.3940735
heads,232,skye,0.3249817
heads,233,angus,0.36465454
heads,234,bloodhound,0.42669678
heads,235,shepherd,0.39419556
heads,236,bloodhound,0.42160034
heads,237,basename,0.47686768
heads,238,bloodhound,0.401062
heads,239,dog,0.33340454
heads,240,dog,0.38293457
heads,241,bauer,0.3849182
heads,242,boxer,0.50787354
heads,243,bloodhound,0.4925232
heads,244,dog,0.34481812
heads,245,bulldog,0.4008484
heads,246,bloodhound,0.37161255
heads,247,hound,0.32226562
heads,248,husky,0.7137146
heads,249,husky,0.69940186
heads,250,husky,0.66973877
heads,251,spots,0.4744568
heads,252,terrier,0.4616394
heads,253,basename,0.94976807
heads,254,edgar,0.36523438
heads,255,bloodhound,0.40621948
heads,256,newfoundland,0.39242554
heads,257,retriever,0.38546753
heads,258,husky,0.42886353
heads,259,dog,0.36697388
heads,260,dog,0.34518433
heads,261,siberian,0.44326782
heads,262,puppy,0.36068726
heads,263,basename,0.4727173
heads,264,basename,0.53302
heads,265,maltese,0.42608643
heads,266,maltese,0.43981934
heads,267,dogs,0.3430786
heads,268,basename,0.39343262
heads,269,wolf,0.63623047
heads,270,wolf,0.56430054
heads,271,coyote,0.5888977
heads,272,coyote,0.8674927
heads,273,basename,0.5679321
heads,274,fox,0.58117676
heads,275,cheyenne,0.36026
heads,276,cub,0.38824463
heads,277,fox,0.7183533
heads,278,fox,0.6945801
heads,279,fur,0.39160156
heads,280,coyote,0.65911865
heads,281,cat,0.46096802
heads,282,worldcat,0.42816162
heads,283,cat,0.42391968
heads,284,cat,0.4147644
heads,285,cat,0.45547485
heads,286,puma,0.50823975
heads,287,lynx,0.8121643
heads,288,leopard,0.8072815
heads,289,leopard,0.5274048
heads,290,jaguar,0.81817627
heads,291,lion,0.55462646
heads,292,tigers,0.6682434
heads,293,leopard,0.5682068
heads,294,bears,0.6022339
heads,295,bear,0.6402588
heads,296,svalbard,0.6038208
heads,297,bear,0.59161377
heads,298,mammalian,0.39019775
heads,299,madagascar,0.32125854
heads,300,mating,0.6486206
heads,301,insects,0.42999268
heads,302,beetle,0.64367676
heads,303,insect,0.5896301
heads,304,beetle,0.52282715
heads,305,beetle,0.5562134
heads,306,beetle,0.5826721
heads,307,beetle,0.5508728
heads,308,drosophila,0.6897583
heads,309,bee,0.65649414
heads,310,ant,0.6410217
heads,311,insect,0.5843811
heads,312,insect,0.5757141
heads,313,mating,0.4389038
heads,314,insect,0.44036865
heads,315,insect,0.49676514
heads,316,mating,0.5873413
heads,317,insect,0.5626526
heads,318,insect,0.5382385
heads,319,dragonfly,0.9750366
heads,320,dragonfly,0.8747864
heads,321,butterfly,0.6044922
heads,322,butterfly,0.60324097
heads,323,monarch,0.70040894
heads,324,butterfly,0.6270752
heads,325,butterfly,0.59173584
heads,326,butterfly,0.6021118
heads,327,patrick,0.37683105
heads,328,coral,0.33084106
heads,329,slug,0.4248352
heads,330,hare,0.6688843
heads,331,hare,0.7206726
heads,332,blanca,0.46270752
heads,333,nimh,0.38586426
heads,334,beaver,0.3814392
heads,335,squirrel,0.6792908
heads,336,beaver,0.49783325
heads,337,beaver,0.78286743
heads,338,guinea,0.65493774
heads,339,horses,0.57788086
heads,340,zebra,0.945343
heads,341,pigs,0.46276855
heads,342,hog,0.51712036
heads,343,gnu,0.46939087
heads,344,rhino,0.3380432
heads,345,bovine,0.70825195
heads,346,gnu,0.6095581
heads,347,bison,0.84716797
heads,348,sheep,0.7209778
heads,349,ram,0.60043335
heads,350,elk,0.44769287
heads,351,gnu,0.6310425
heads,352,botswana,0.589447
heads,353,deer,0.52890015
heads,354,camel,0.673645
heads,355,lama,0.6366577
heads,356,otter,0.43875122
heads,357,otter,0.49240112
heads,358,badger,0.48995972
heads,359,tails,0.39334106
heads,360,otter,0.78466797
heads,361,badger,0.4378662
heads,362,badger,0.78900146
heads,363,hog,0.3045349
heads,364,monkeys,0.38235474
heads,365,ape,0.44763184
heads,366,gorilla,0.7127991
heads,367,ape,0.5519409
heads,368,monkey,0.517395
heads,369,gorilla,0.5059509
heads,370,monkey,0.5553894
heads,371,monkeys,0.5343628
heads,372,monkeys,0.46505737
heads,373,monkeys,0.5684204
heads,374,monkey,0.5161743
heads,375,monkeys,0.44732666
heads,376,monkeys,0.50964355
heads,377,monkey,0.46554565
heads,378,monkeys,0.5513916
heads,379,monkey,0.5314026
heads,380,monkey,0.5489197
heads,381,monkey,0.5848694
heads,382,monkey,0.620636
heads,383,madagascar,0.5574646
heads,384,madagascar,0.55422974
heads,385,elephants,0.7212219
heads,386,elephants,0.8144226
heads,387,firefox,0.53079224
heads,388,panda,0.67276
heads,389,pike,0.57870483
heads,390,snorkeling,0.4197693
heads,391,salmon,0.58480835
heads,392,dorado,0.5516968
heads,393,nemo,0.57455444
heads,394,aquaculture,0.4355774
heads,395,pike,0.4628296
heads,396,underwater,0.4269104
heads,397,fish,0.4711914
heads,398,backgammon,0.38742065
heads,399,muslim,0.3156128
heads,400,commencement,0.6185303
heads,401,musician,0.41137695
heads,402,guitar,0.6063843
heads,403,tomcat,0.587677
heads,404,airfares,0.6272888
heads,405,zeppelin,0.48965454
heads,406,altar,0.79815674
heads,407,ambulance,0.86520386
heads,408,vehicles,0.32998657
heads,409,clock,0.6242981
heads,410,bees,0.6811218
heads,411,apron,0.57522583
heads,412,bin,0.47576904
heads,413,airsoft,0.5123596
heads,414,backpack,0.52279663
heads,415,bakery,0.76794434
heads,416,gymnastics,0.68408203
heads,417,balloon,0.5447998
heads,418,pen,0.53048706
heads,419,wounds,0.33261108
heads,420,banjo,0.67178345
heads,421,upstairs,0.54525757
heads,422,weights,0.49938965
heads,423,salon,0.5881958
heads,424,barber,0.74694824
heads,425,barn,0.89279175
heads,426,thermometer,0.6237488
heads,427,barrels,0.68826294
heads,428,carts,0.27944946
heads,429,baseball,0.67315674
heads,430,basketball,0.59906006
heads,431,infant,0.4663086
heads,432,clarinet,0.54678345
heads,433,triathlon,0.42773438
heads,434,towels,0.51742554
heads,435,bathroom,0.5833435
heads,436,oldsmobile,0.5180664
heads,437,lighthouse,0.8193054
heads,438,chromatography,0.46948242
heads,439,regiment,0.50720215
heads,440,beer,0.50442505
heads,441,beer,0.51657104
heads,442,tower,0.46044922
heads,443,textile,0.37527466
heads,444,bicycles,0.59552
heads,445,swimwear,0.3970642
heads,446,binder,0.495636
heads,447,binoculars,0.5232544
heads,448,playhouse,0.38882446
heads,449,cottage,0.42126465
heads,450,snowmobile,0.4437256
heads,451,pendants,0.50180054
heads,452,crochet,0.39675903
heads,453,bookshelf,0.6157837
heads,454,bookshop,0.86434937
heads,455,badges,0.2755432
heads,456,archery,0.60372925
heads,457,ties,0.29785156
heads,458,plaque,0.7515564
heads,459,lingerie,0.37823486
heads,460,pier,0.44299316
heads,461,armour,0.61782837
heads,462,sweeping,0.45898438
heads,463,bucket,0.48062134
heads,464,belts,0.5516968
heads,465,vest,0.4406433
heads,466,trains,0.5169983
heads,467,butcher,0.4499817
heads,468,taxis,0.61987305
heads,469,cookware,0.44702148
heads,470,candle,0.48361206
heads,471,cannon,0.69018555
heads,472,rafting,0.725708
heads,473,wrench,0.39816284
heads,474,knit,0.54470825
heads,475,windshield,0.4230652
heads,476,amusement,0.41549683
heads,477,toolkit,0.8169861
heads,478,boxes,0.440979
heads,479,rims,0.5118103
heads,480,atm,0.5953064
heads,481,cassettes,0.8316345
heads,482,walkman,0.6491394
heads,483,castles,0.68588257
heads,484,sailing,0.6194458
heads,485,technics,0.46264648
heads,486,cello,0.6642456
heads,487,sonyericsson,0.62423706
heads,488,chain,0.46640015
heads,489,fence,0.53375244
heads,490,armour,0.32113647
heads,491,saws,0.50457764
heads,492,dresser,0.43637085
heads,493,dresser,0.80911255
heads,494,bell,0.50405884
heads,495,cabinets,0.5802307
heads,496,stockings,0.5289917
heads,497,chapel,0.57714844
heads,498,cinemas,0.520874
heads,499,knives,0.41958618
heads,500,caves,0.58325195
heads,501,hooded,0.33468628
heads,502,footwear,0.45285034
heads,503,glassware,0.37667847
heads,504,mugs,0.55358887
heads,505,kettle,0.49893188
heads,506,spiral,0.4682312
heads,507,unlocking,0.48898315
heads,508,keyboard,0.6676941
heads,509,sweets,0.4396057
heads,510,containers,0.51501465
heads,511,convertible,0.6131592
heads,512,scissors,0.3788452
heads,513,trumpet,0.5765381
heads,514,boots,0.4840393
heads,515,cowboy,0.42181396
heads,516,nursery,0.4993286
heads,517,crane,0.5776062
heads,518,helmet,0.61279297
heads,519,crate,0.41397095
heads,520,nursery,0.8597717
heads,521,cookware,0.46411133
heads,522,putting,0.41436768
heads,523,wheelchair,0.24551392
heads,524,armour,0.60336304
heads,525,dams,0.56466675
heads,526,bureau,0.68426514
heads,527,workstations,0.5887451
heads,528,telephones,0.6195679
heads,529,diapers,0.4444275
heads,530,clock,0.4610901
heads,531,casio,0.6367798
heads,532,table,0.52819824
heads,533,crochet,0.7379761
heads,534,dishwasher,0.6786194
heads,535,brakes,0.43563843
heads,536,harbour,0.69104004
heads,537,huskies,0.55630493
heads,538,dome,0.56539917
heads,539,carpets,0.330719
heads,540,offshore,0.45385742
heads,541,percussion,0.58465576
heads,542,percussion,0.53744507
heads,543,weights,0.52456665
heads,544,cookware,0.6064453
heads,545,fan,0.48565674
heads,546,guitar,0.48440552
heads,547,railway,0.5944519
heads,548,furnished,0.5370178
heads,549,envelope,0.5374756
heads,550,espresso,0.40652466
heads,551,makeup,0.50057983
heads,552,feathers,0.29180908
heads,553,bureau,0.68862915
heads,554,ferries,0.46429443
heads,555,firefighters,0.4699707
heads,556,fireplace,0.63183594
heads,557,courthouse,0.40768433
heads,558,flute,0.58047485
heads,559,chairs,0.5968323
heads,560,tackling,0.44424438
heads,561,warehousing,0.48913574
heads,562,fountains,0.74121094
heads,563,pen,0.54730225
heads,564,bedrooms,0.6586914
heads,565,trains,0.5198059
heads,566,trumpet,0.52871704
heads,567,cookware,0.53900146
heads,568,fur,0.461792
heads,569,trucks,0.4013977
heads,570,mask,0.38311768
heads,571,gasoline,0.39328003
heads,572,goblet,0.67385864
heads,573,kart,0.67645264
heads,574,golf,0.59280396
heads,575,golf,0.4048462
heads,576,venice,0.72546387
heads,577,gong,0.45550537
heads,578,gown,0.57470703
heads,579,piano,0.57528687
heads,580,greenhouse,0.84588623
heads,581,grille,0.5774536
heads,582,marketplace,0.48968506
heads,583,ladder,0.27157593
heads,584,pins,0.41748047
heads,585,conditioners,0.34576416
heads,586,sherman,0.48580933
heads,587,implements,0.44906616
heads,588,wicker,0.66793823
heads,589,cordless,0.33676147
heads,590,pocketpc,0.6276245
heads,591,textile,0.5854492
heads,592,hdd,0.72021484
heads,593,recorders,0.22314453
heads,594,harp,0.54867554
heads,595,combines,0.7510681
heads,596,axe,0.55596924
heads,597,holster,0.6399536
heads,598,furnished,0.52853394
heads,599,bees,0.42507935
heads,600,hooks,0.30413818
heads,601,gown,0.40802002
heads,602,gymnastics,0.5230408
heads,603,carriage,0.6071472
heads,604,time,0.3045349
heads,605,ipods,0.70132446
heads,606,ironing,0.5470581
heads,607,pumpkin,0.536499
heads,608,jeans,0.4711609
heads,609,jeep,0.47021484
heads,610,shirt,0.48937988
heads,611,puzzles,0.60580444
heads,612,carriage,0.4407959
heads,613,joystick,0.58218384
heads,614,geisha,0.58569336
heads,615,knee,0.32125854
heads,616,ropes,0.61447144
heads,617,laboratories,0.40890503
heads,618,teaspoon,0.38009644
heads,619,lamps,0.5776062
heads,620,powerbook,0.45455933
heads,621,motorized,0.4414673
heads,622,fujifilm,0.40875244
heads,623,knife,0.37384033
heads,624,library,0.642395
heads,625,ferries,0.4466858
heads,626,lighter,0.41619873
heads,627,limousine,0.7216797
heads,628,cruises,0.67803955
heads,629,lipstick,0.58358765
heads,630,footwear,0.43756104
heads,631,lotion,0.66741943
heads,632,speakers,0.57736206
heads,633,microscope,0.27755737
heads,634,woodworking,0.34436035
heads,635,compass,0.5477295
heads,636,purse,0.5793457
heads,637,mailbox,0.66574097
heads,638,swimsuit,0.388031
heads,639,swimsuit,0.47525024
heads,640,sewer,0.49569702
heads,641,percussion,0.31781006
heads,642,percussion,0.56314087
heads,643,masks,0.39468384
heads,644,matches,0.34887695
heads,645,festival,0.44232178
heads,646,maze,0.44448853
heads,647,glassware,0.4136963
heads,648,bathroom,0.74523926
heads,649,stone,0.41757202
heads,650,microphone,0.559906
heads,651,kitchen,0.82476807
heads,652,soldiers,0.40179443
heads,653,cookware,0.36383057
heads,654,bangbus,0.60183716
heads,655,pantyhose,0.4590454
heads,656,hatchback,0.44198608
heads,657,missiles,0.62301636
heads,658,knitting,0.6169739
heads,659,bowl,0.5936279
heads,660,cabins,0.40045166
heads,661,automobile,0.65493774
heads,662,router,0.629364
heads,663,monastery,0.5775757
heads,664,workstations,0.4890442
heads,665,bikes,0.49926758
heads,666,bowl,0.40740967
heads,667,graduation,0.61990356
heads,668,mosque,0.86605835
heads,669,bedroom,0.46627808
heads,670,motorcycles,0.51763916
heads,671,biking,0.55218506
heads,672,tents,0.79470825
heads,673,peripherals,0.416687
heads,674,mice,0.29293823
heads,675,warehouses,0.28433228
heads,676,gagged,0.2814331
heads,677,screws,0.35702515
heads,678,brace,0.23147583
heads,679,collier,0.8158264
heads,680,breastfeeding,0.36297607
heads,681,powerbook,0.630188
heads,682,monument,0.5432739
heads,683,clarinet,0.78219604
heads,684,ceramics,0.25134277
heads,685,mileage,0.71087646
heads,686,cylinder,0.40411377
heads,687,organ,0.9182739
heads,688,analyzer,0.47436523
heads,689,gown,0.4607544
heads,690,cattle,0.40222168
heads,691,chemotherapy,0.22354126
heads,692,packaging,0.41137695
heads,693,canoeing,0.6474304
heads,694,ferries,0.38336182
heads,695,locked,0.5957031
heads,696,brushes,0.5779419
heads,697,robe,0.2303772
heads,698,palace,0.4404602
heads,699,flute,0.3511963
heads,700,tissue,0.35061646
heads,701,airborne,0.5543213
heads,702,gymnastics,0.3804016
heads,703,benches,0.6630554
heads,704,meters,0.4319458
heads,705,train,0.44882202
heads,706,patio,0.5563965
heads,707,phonephone,0.5272522
heads,708,monument,0.43759155
heads,709,stationery,0.49557495
heads,710,stationery,0.30560303
heads,711,perfumes,0.7090454
heads,712,microbiology,0.48825073
heads,713,laserjet,0.8050232
heads,714,picks,0.47079468
heads,715,wilhelm,0.5261841
heads,716,fence,0.5949707
heads,717,chevrolet,0.49499512
heads,718,bridge,0.49313354
heads,719,pig,0.44107056
heads,720,medications,0.60217285
heads,721,cushions,0.7827759
heads,722,pong,0.36328125
heads,723,butterflies,0.25845337
heads,724,pirates,0.54397583
heads,725,pitcher,0.6909485
heads,726,woodworking,0.4737854
heads,727,observatory,0.4650879
heads,728,bag,0.3043518
heads,729,kitchen,0.6807251
heads,730,tractors,0.50930786
heads,731,plumbing,0.2951355
heads,732,polaroid,0.5961609
heads,733,pole,0.3059082
heads,734,police,0.47381592
heads,735,crochet,0.44750977
heads,736,billiards,0.66516113
heads,737,bottled,0.5086365
heads,738,plants,0.5288696
heads,739,pottery,0.5918579
heads,740,dewalt,0.39801025
heads,741,carpets,0.5921936
heads,742,laserjet,0.79348755
heads,743,corridors,0.5155029
heads,744,missiles,0.6178894
heads,745,projector,0.6175842
heads,746,hockey,0.5035095
heads,747,boxing,0.39138794
heads,748,purse,0.6864624
heads,749,feather,0.356781
heads,750,bedrooms,0.5984497
heads,751,racing,0.5256958
heads,752,tennis,0.75146484
heads,753,radiator,0.7546997
heads,754,radios,0.5610657
heads,755,telescopes,0.56848145
heads,756,barrels,0.44641113
heads,757,rv,0.63134766
heads,758,fishing,0.48867798
heads,759,camera,0.53793335
heads,760,refrigerator,0.8161621
heads,761,remote,0.37869263
heads,762,restaurant,0.49456787
heads,763,gun,0.5496521
heads,764,rifle,0.5940857
heads,765,chairs,0.493042
heads,766,ovens,0.4736023
heads,767,stationery,0.43322754
heads,768,rugby,0.7244873
heads,769,measure,0.4611206
heads,770,shoes,0.45352173
heads,771,locker,0.45706177
heads,772,collier,0.34170532
heads,773,vase,0.31204224
heads,774,sandals,0.52075195
heads,775,scarves,0.23291016
heads,776,saxophone,0.6998596
heads,777,sword,0.47595215
heads,778,weighing,0.31063843
heads,779,buses,0.67367554
heads,780,sailing,0.6393738
heads,781,scoreboard,0.65475464
heads,782,crt,0.42733765
heads,783,fasteners,0.8319702
heads,784,toolkit,0.40267944
heads,785,driving,0.3953247
heads,786,sewing,0.57614136
heads,787,shields,0.43371582
heads,788,shoes,0.51431274
heads,789,room,0.40496826
heads,790,baskets,0.5800476
heads,791,carts,0.59091187
heads,792,rake,0.34332275
heads,793,hats,0.21032715
heads,794,bathroom,0.6621094
heads,795,skiing,0.7475891
heads,796,snowboarding,0.39074707
heads,797,comforter,0.40667725
heads,798,rulers,0.43811035
heads,799,room,0.4099121
heads,800,casinos,0.62228394
heads,801,snorkeling,0.85635376
heads,802,snowmobile,0.8897095
heads,803,snowmobile,0.4736328
heads,804,faucet,0.51776123
heads,805,soccer,0.5392761
heads,806,socks,0.6102295
heads,807,renewable,0.34146118
heads,808,hats,0.44869995
heads,809,soup,0.5963745
heads,810,keyboard,0.48458862
heads,811,heating,0.45742798
heads,812,shuttle,0.6973877
heads,813,utensils,0.48861694
heads,814,watersports,0.6017151
heads,815,webs,0.7923584
heads,816,spindle,0.63760376
heads,817,automotive,0.4760437
heads,818,lamps,0.31933594
heads,819,stage,0.40319824
heads,820,railways,0.5793457
heads,821,bridges,0.53848267
heads,822,percussion,0.44937134
heads,823,physician,0.46588135
heads,824,crochet,0.5717468
heads,825,walls,0.39083862
heads,826,gmt,0.48483276
heads,827,stoves,0.7026062
heads,828,cookware,0.24609375
heads,829,trolley,0.47927856
heads,830,ambulance,0.29592896
heads,831,bedrooms,0.6326294
heads,832,temple,0.57229614
heads,833,submarine,0.5071106
heads,834,suit,0.39691162
heads,835,clock,0.32907104
heads,836,sunglasses,0.43948364
heads,837,sunglasses,0.43997192
heads,838,lotion,0.41964722
heads,839,bridge,0.5877075
heads,840,janitorial,0.37060547
heads,841,sweatshirt,0.49523926
heads,842,swimwear,0.34127808
heads,843,swings,0.64572144
heads,844,switchboard,0.3907776
heads,845,injections,0.42739868
heads,846,lamp,0.5075989
heads,847,bmp,0.5401306
heads,848,cassette,0.6559448
heads,849,kettle,0.558136
heads,850,teddy,0.49047852
heads,851,televisions,0.5718689
heads,852,tennis,0.6476135
heads,853,cottages,0.48312378
heads,854,auditorium,0.6180115
heads,855,microphones,0.29281616
heads,856,tractors,0.57351685
heads,857,throne,0.56689453
heads,858,roofing,0.5463257
heads,859,toaster,0.5900574
heads,860,shops,0.3869629
heads,861,toilet,0.57858276
heads,862,torch,0.39971924
heads,863,sculptures,0.41903687
heads,864,towing,0.54693604
heads,865,toys,0.36035156
heads,866,tractor,0.86898804
heads,867,highways,0.50857544
heads,868,trays,0.3880005
heads,869,coat,0.41531372
heads,870,bicycles,0.4819336
heads,871,sailing,0.64608765
heads,872,tripod,0.38012695
heads,873,forum,0.44482422
heads,874,buses,0.80758667
heads,875,trumpet,0.5409851
heads,876,jacuzzi,0.61083984
heads,877,terminals,0.28735352
heads,878,keyboard,0.53674316
heads,879,umbrella,0.4734192
heads,880,bmx,0.46847534
heads,881,piano,0.6259155
heads,882,vacuum,0.57284546
heads,883,vase,0.5909729
heads,884,vaults,0.56848145
heads,885,textile,0.5206604
heads,886,vending,0.65600586
heads,887,archbishop,0.38891602
heads,888,bridge,0.49291992
heads,889,violin,0.7091675
heads,890,volleyball,0.82263184
heads,891,cooking,0.29333496
heads,892,clock,0.6405945
heads,893,wallets,0.7357788
heads,894,closet,0.5487366
heads,895,aircraft,0.49472046
heads,896,sinks,0.6506653
heads,897,dryer,0.6535034
heads,898,bottle,0.48953247
heads,899,pitcher,0.5487976
heads,900,tower,0.4263916
heads,901,pitcher,0.4380188
heads,902,bitpipe,0.35931396
heads,903,wigs,0.44454956
heads,904,window,0.45031738
heads,905,furnished,0.49942017
heads,906,ties,0.32354736
heads,907,wines,0.6063843
heads,908,aircraft,0.53564453
heads,909,cooking,0.5111084
heads,910,utensils,0.5130615
heads,911,wool,0.49145508
heads,912,fence,0.41220093
heads,913,wreck,0.42541504
heads,914,sailing,0.7503662
heads,915,tent,0.6108093
heads,916,homepage,0.5478821
heads,917,comics,0.4595642
heads,918,crossword,0.8122864
heads,919,sign,0.4538269
heads,920,intersection,0.47305298
heads,921,paperback,0.5105896
heads,922,menu,0.69888306
heads,923,australasia,0.43063354
heads,924,salsa,0.44122314
heads,925,soup,0.45996094
heads,926,cooking,0.44470215
heads,927,desserts,0.64746094
heads,928,dessert,0.5529785
heads,929,sweets,0.2741394
heads,930,bread,0.6253662
heads,931,bread,0.3932495
heads,932,glazed,0.3309021
heads,933,burger,0.61053467
heads,934,sausage,0.3935852
heads,935,potatoes,0.45666504
heads,936,cabbage,0.6118164
heads,937,broccoli,0.8182373
heads,938,broccoli,0.5515747
heads,939,cucumber,0.6159363
heads,940,squash,0.56192017
heads,941,squash,0.5626831
heads,942,squash,0.5458374
heads,943,cucumber,0.6348877
heads,944,thistle,0.5255432
heads,945,peppers,0.6182556
heads,946,thistle,0.95578
heads,947,fungi,0.7758484
heads,948,apples,0.5386658
heads,949,strawberry,0.5299988
heads,950,citrus,0.5388489
heads,951,lemon,0.61538696
heads,952,figs,0.99346924
heads,953,pineapple,0.6533203
heads,954,bananas,0.56170654
heads,955,fruit,0.5965576
heads,956,fruit,0.5878906
heads,957,fruits,0.57836914
heads,958,hay,0.6694031
heads,959,pasta,0.585083
heads,960,desserts,0.5108032
heads,961,dough,0.5939636
heads,962,meat,0.4239502
heads,963,pizza,0.7062683
heads,964,pie,0.51052856
heads,965,wraps,0.5324402
heads,966,wine,0.6360779
heads,967,coffee,0.59375
heads,968,tableware,0.4414673
heads,969,recipe,0.33618164
heads,970,alps,0.5684204
heads,971,bubbles,0.63308716
heads,972,cliffs,0.4831543
heads,973,reef,0.6003113
heads,974,yellowstone,0.72979736
heads,975,lake,0.3788147
heads,976,coastline,0.55352783
heads,977,beach,0.40875244
heads,978,beach,0.4312744
heads,979,streams,0.3753357
heads,980,volcano,0.49957275
heads,981,baseball,0.6056824
heads,982,wedding,0.5187073
heads,983,diving,0.6871338
heads,984,fields,0.55126953
heads,985,flower,0.55023193
heads,986,orchid,0.5692749
heads,987,maize,0.6971741
heads,988,acorn,0.7521057
heads,989,fruit,0.52789307
heads,990,chestnut,0.58200073
heads,991,fungi,0.7462158
heads,992,fungi,0.77142334
heads,993,fungi,0.7072449
heads,994,fungi,0.63323975
heads,995,fungi,0.5140991
heads,996,fungi,0.4923401
heads,997,fungi,0.7459717
heads,998,corn,0.71954346
heads,999,toilet,0.4161377
